"Name","Label"
"DocFab_Record_Model_Form_Administrator","DocFab Record Model & Form Administrator"
"PS_DocFab_RM_160","PS-DocFab-RM-160"
"PS_DocFab_Form_51","PS-DocFab-Form-51"
"PSG_DocFabricator_Administrator","PSG DocFabricator Administrator"
"PS_DocFab_Form_34","PS-DocFab-Form-34"
"PS_DocFab_Form_29","PS-DocFab-Form-29"
"PS_DocFab_Form_17","PS-DocFab-Form-17"
"PS_DocFab_Form_11","PS-DocFab-Form-11"
"PS_DocFab_RM_230","PS-DocFab-RM-230"
"PS_DocFab_RM_218","PS-DocFab-RM-218"
"PS_DocFab_RM_63","PS-DocFab-RM-63"
"PS_DocFab_RM_122","PS-DocFab-RM-122"
"PS_DocFab_Form_53","PS-DocFab-Form-53"